family,P_safe,P_leak,P_loss,P_theft,max_AND,max_OR,eer_AND,eer_OR,best_kind,best_max,eer_of_maximal_config,best_threshold,failure_improvement_ratio
decrease_leak,0.6,0.3,0.05,0.05,0.6839157858855263,0.6016463697097945,0.5788766433749026,0.45228168050591,AND,0.6839157858855263,0.5788766433749026,6.850000000000005,0.24942606687126623
decrease_leak,0.61,0.29,0.05,0.05,0.6893573236208446,0.6116459560837192,0.5809288896590113,0.4593977253047785,AND,0.6893573236208446,0.5809288896590113,6.750000000000005,0.2587351675795725
decrease_leak,0.62,0.28,0.05,0.05,0.6948331113800056,0.6216455424576439,0.5829811359431203,0.46651377010364703,AND,0.6948331113800056,0.5829811359431203,6.650000000000005,0.2682180233976877
decrease_leak,0.63,0.27,0.05,0.05,0.7003449948598286,0.6316451288315686,0.5850333822272291,0.4736298149025156,AND,0.7003449948598286,0.5850333822272291,6.650000000000005,0.2778816600995656
decrease_leak,0.64,0.26,0.05,0.05,0.7058954375764038,0.6416447152054934,0.5870856285113379,0.48074585970138417,AND,0.7058954375764038,0.5870856285113379,6.550000000000004,0.2877347393764138
decrease_leak,0.65,0.25,0.05,0.05,0.7114838486036057,0.6516443015794181,0.5891378747954468,0.4878619045002527,AND,0.7114838486036057,0.5891378747954468,6.450000000000005,0.29777866175240014
decrease_leak,0.66,0.24,0.05,0.05,0.7171165186420833,0.6616438879533428,0.5911901210795556,0.4949779492991212,AND,0.7171165186420833,0.5911901210795556,6.250000000000004,0.3080316891927
decrease_leak,0.67,0.23,0.05,0.05,0.7227986678906956,0.6716435589576921,0.5932423673636644,0.5020939940979897,AND,0.7227986678906956,0.5932423673636644,6.150000000000004,0.31850982042385384
decrease_leak,0.68,0.22,0.05,0.05,0.728535197554652,0.6816433145781058,0.5952946136477733,0.5092100388968582,AND,0.728535197554652,0.5952946136477733,5.950000000000005,0.3292285904762227
decrease_leak,0.69,0.21,0.05,0.05,0.7343560004351971,0.6916430701985193,0.597346859931882,0.5163260836957267,AND,0.7343560004351971,0.597346859931882,5.7500000000000036,0.3402659184034599
decrease_leak,0.7,0.2,0.05,0.05,0.7402891708560149,0.701642825818933,0.5993991062159908,0.5234421284945953,AND,0.7402891708560149,0.5993991062159908,5.450000000000004,0.3516968305017995
decrease_leak,0.71,0.19,0.05,0.05,0.7463765540210952,0.7116425814393466,0.6014513525000996,0.5305581732934638,AND,0.7463765540210952,0.6014513525000996,5.150000000000004,0.3636324007874892
decrease_leak,0.72,0.18,0.05,0.05,0.7526536731477581,0.7216423370597602,0.6035035987842085,0.5376742180923324,AND,0.7526536731477581,0.6035035987842085,4.7500000000000036,0.37617005830621736
decrease_leak,0.73,0.17,0.05,0.05,0.7591579866061415,0.7316420926801739,0.6055558450683174,0.5447902628912008,AND,0.7591579866061415,0.6055558450683174,4.350000000000003,0.3894141657757051
decrease_leak,0.74,0.16,0.05,0.05,0.7658801600507273,0.7416418483005875,0.6076080913524261,0.5519063076900694,AND,0.7658801600507273,0.6076080913524261,4.0500000000000025,0.40335201927023684
decrease_leak,0.75,0.15,0.05,0.05,0.7727497147343213,0.7516416039210011,0.6096603376365349,0.5590223524889378,AND,0.7727497147343213,0.6096603376365349,3.8500000000000023,0.4178140036047005
decrease_leak,0.76,0.14,0.05,0.05,0.7797282118012264,0.7616413595414148,0.6117125839206438,0.5661383972878065,AND,0.7797282118012264,0.6117125839206438,3.650000000000002,0.4327094335868059
decrease_leak,0.77,0.13,0.05,0.05,0.7868049067777817,0.7716411151618284,0.6137648302047526,0.573254442086675,AND,0.7868049067777817,0.6137648302047526,3.550000000000002,0.4480174000331504
decrease_leak,0.78,0.12,0.05,0.05,0.793976007844039,0.7816408707822421,0.6158170764888614,0.5803704868855435,AND,0.793976007844039,0.6158170764888614,3.450000000000002,0.46373464423390026
decrease_leak,0.79,0.11,0.05,0.05,0.8012672226490087,0.7916406264026558,0.6178693227729702,0.587486531684412,AND,0.8012672226490087,0.6178693227729702,3.2500000000000018,0.4799350348076843
decrease_leak,0.8,0.1,0.05,0.05,0.8086800233104212,0.8016403820230693,0.6199215690570791,0.5946025764832806,AND,0.8086800233104212,0.6199215690570791,3.1500000000000017,0.49663027124443515
decrease_leak,0.81,0.09,0.05,0.05,0.8162558190050949,0.811640137643483,0.6219738153411879,0.6017186212821491,AND,0.8162558190050949,0.6219738153411879,2.9500000000000015,0.5139379533702313
decrease_leak,0.82,0.08,0.05,0.05,0.824026809852903,0.8216398932638965,0.6240260616252967,0.6088346660810176,AND,0.824026809852903,0.6240260616252967,2.7500000000000013,0.5319537548059553
decrease_leak,0.83,0.07,0.05,0.05,0.8320575288902982,0.8316396488843102,0.6260783079094056,0.6159507108798861,AND,0.8320575288902982,0.6260783079094056,2.450000000000001,0.5508619193212989
decrease_leak,0.84,0.06,0.05,0.05,0.8404401785465441,0.8416394045047237,0.6281305541935144,0.6230667556787546,OR,0.8416394045047237,0.6230667556787546,68.95000000000006,0.5798709774712476
decrease_leak,0.85,0.05,0.05,0.05,0.8493108669046843,0.8516391601251374,0.6301828004776231,0.6301828004776231,OR,0.8516391601251374,0.6301828004776231,68.95000000000006,0.5988265552103247
decrease_leak,0.86,0.04,0.05,0.05,0.859295969129803,0.8616389157455511,0.632235046761732,0.6372988452764916,OR,0.8616389157455511,0.6372988452764916,68.95000000000006,0.6185259339471271
decrease_leak,0.87,0.03,0.05,0.05,0.8692877827243356,0.8716386713659647,0.6342872930458407,0.6444148900753602,OR,0.8716386713659647,0.6444148900753602,68.95000000000006,0.6390137689926351
decrease_leak,0.88,0.02,0.05,0.05,0.8792795963188681,0.8816384269863783,0.6363395393299497,0.6515309348742288,OR,0.8816384269863783,0.6515309348742288,68.95000000000006,0.6603383632607329
decrease_leak,0.89,0.01,0.05,0.05,0.8892714099134007,0.891638182606792,0.6383917856140585,0.6586469796730973,OR,0.891638182606792,0.6586469796730973,68.95000000000006,0.6825520474685314
decrease_leak,0.9,0.0,0.05,0.05,0.8992632235079333,0.9016379382272056,0.6404440318981672,0.6657630244719658,OR,0.9016379382272056,0.6657630244719658,68.95000000000006,0.7057116089044306
decrease_loss,0.6,0.05,0.3,0.05,0.6013873938264392,0.6641463977002641,0.45228168050591,0.5788766433749025,OR,0.6641463977002641,0.5788766433749025,39.85000000000004,0.20248165527725034
decrease_loss,0.61,0.05,0.29,0.05,0.6112722162931561,0.670816443108821,0.4593977253047785,0.5809288896590113,OR,0.670816443108821,0.5809288896590113,39.95000000000003,0.2144923647365485
decrease_loss,0.62,0.05,0.28,0.05,0.6211575537129228,0.6775091081805561,0.4665137701036471,0.5829811359431203,OR,0.6775091081805561,0.5829811359431203,40.150000000000034,0.22667553049720687
decrease_loss,0.63,0.05,0.27,0.05,0.6310520095229117,0.6842284363081536,0.4736298149025156,0.585033382227229,OR,0.6842284363081536,0.585033382227229,40.250000000000036,0.23904345514183542
decrease_loss,0.64,0.05,0.26,0.05,0.6409464653329007,0.6909701719898194,0.4807458597013841,0.5870856285113378,OR,0.6909701719898194,0.5870856285113378,40.35000000000004,0.2515885874932159
decrease_loss,0.65,0.05,0.25,0.05,0.6508409211428896,0.6977371786180553,0.48786190450025263,0.5891378747954468,OR,0.6977371786180553,0.5891378747954468,40.55000000000003,0.26432055222549633
decrease_loss,0.66,0.05,0.24,0.05,0.6607411203391007,0.7045291557955765,0.4949779492991212,0.5911901210795556,OR,0.7045291557955765,0.5911901210795556,40.650000000000034,0.27724142825344256
decrease_loss,0.67,0.05,0.23,0.05,0.6706450757018964,0.7113450464936668,0.5020939940979897,0.5932423673636644,OR,0.7113450464936668,0.5932423673636644,40.85000000000004,0.2903514762944667
decrease_loss,0.68,0.05,0.22,0.05,0.680549031064692,0.7181887684312447,0.5092100388968582,0.5952946136477733,OR,0.7181887684312447,0.5952946136477733,40.95000000000004,0.30366325462373045
decrease_loss,0.69,0.05,0.21,0.05,0.6904534943088966,0.7250589095739784,0.5163260836957267,0.597346859931882,OR,0.7250589095739784,0.597346859931882,41.150000000000034,0.31717634095810365
decrease_loss,0.7,0.05,0.2,0.05,0.7003668154554534,0.7319606024124029,0.5234421284945953,0.5993991062159908,OR,0.7319606024124029,0.5993991062159908,41.35000000000004,0.3309066411316718
decrease_loss,0.71,0.05,0.19,0.05,0.7102801366020103,0.738901901056871,0.5305581732934638,0.6014513525000996,OR,0.738901901056871,0.6014513525000996,41.55000000000003,0.34487771924205507
decrease_loss,0.72,0.05,0.18,0.05,0.7201934577485671,0.7458970724913763,0.5376742180923323,0.6035035987842085,OR,0.7458970724913763,0.6035035987842085,41.95000000000004,0.35912929668602656
decrease_loss,0.73,0.05,0.17,0.05,0.7301104807044911,0.7529599030314705,0.5447902628912008,0.6055558450683173,OR,0.7529599030314705,0.6055558450683173,42.35000000000004,0.37370070292633306
decrease_loss,0.74,0.05,0.16,0.05,0.7400330339345496,0.7600950642269412,0.5519063076900693,0.6076080913524261,OR,0.7600950642269412,0.6076080913524261,42.750000000000036,0.3886088614825923
decrease_loss,0.75,0.05,0.15,0.05,0.7499555871646081,0.7673044537106519,0.559022352488938,0.609660337636535,OR,0.7673044537106519,0.609660337636535,43.150000000000034,0.4038639453638879
decrease_loss,0.76,0.05,0.14,0.05,0.7598781403946666,0.7749368149615806,0.5661383972878063,0.6117125839206438,OR,0.7749368149615806,0.6117125839206438,46.95000000000004,0.4203696135431232
decrease_loss,0.77,0.05,0.13,0.05,0.7698065860640835,0.7827842802678451,0.573254442086675,0.6137648302047525,OR,0.7827842802678451,0.6137648302047525,47.25000000000004,0.43760761132315795
decrease_loss,0.78,0.05,0.12,0.05,0.7797382378750448,0.7906804565949149,0.5803704868855435,0.6158170764888613,OR,0.7906804565949149,0.6158170764888613,47.65000000000004,0.45515656580447617
decrease_loss,0.79,0.05,0.11,0.05,0.7896698896860062,0.7986319487697885,0.587486531684412,0.6178693227729702,OR,0.7986319487697885,0.6178693227729702,48.05000000000004,0.4730387712092122
decrease_loss,0.8,0.05,0.1,0.05,0.7996015414969675,0.8066461661101247,0.5946025764832805,0.6199215690570791,OR,0.8066461661101247,0.6199215690570791,48.450000000000045,0.4912791199169295
decrease_loss,0.81,0.05,0.09,0.05,0.8095404179931178,0.8147370739103766,0.601718621282149,0.6219738153411879,OR,0.8147370739103766,0.6219738153411879,49.05000000000004,0.5099203875074617
decrease_loss,0.82,0.05,0.08,0.05,0.8194810353906449,0.8229296505617026,0.6088346660810176,0.6240260616252966,OR,0.8229296505617026,0.6240260616252966,49.75000000000004,0.5290355757003949
decrease_loss,0.83,0.05,0.07,0.05,0.8294216527881719,0.8323053312197876,0.6159507108798861,0.6260783079094056,OR,0.8323053312197876,0.6260783079094056,68.85000000000007,0.5515246311530301
decrease_loss,0.84,0.05,0.06,0.05,0.8393622701856991,0.8419713909827196,0.6230667556787546,0.6281305541935144,OR,0.8419713909827196,0.6281305541935144,68.95000000000006,0.5750427715980845
decrease_loss,0.85,0.05,0.05,0.05,0.8493108669046843,0.8516391601251374,0.6301828004776231,0.6301828004776231,OR,0.8516391601251374,0.6301828004776231,68.95000000000006,0.5988265552103247
decrease_loss,0.86,0.05,0.04,0.05,0.859295969129803,0.8613070720435012,0.6372988452764917,0.6322350467617319,OR,0.8613070720435012,0.6322350467617319,69.05000000000005,0.622876169316106
decrease_loss,0.87,0.05,0.03,0.05,0.8692877827243356,0.8709772957297556,0.6444148900753602,0.6342872930458407,OR,0.8709772957297556,0.6342872930458407,69.05000000000005,0.6472020200096111
decrease_loss,0.88,0.05,0.02,0.05,0.8792795963188681,0.8806484695093915,0.6515309348742288,0.6363395393299497,OR,0.8806484695093915,0.6363395393299497,69.15000000000006,0.6718050395946225
decrease_loss,0.89,0.05,0.01,0.05,0.8892714099134007,0.8903218823452761,0.6586469796730973,0.6383917856140584,OR,0.8903218823452761,0.6383917856140584,69.25000000000006,0.6966935116754143
decrease_loss,0.9,0.05,0.0,0.05,0.8992632235079333,0.9,0.6657630244719658,0.6404440318981672,OR,0.9,0.6404440318981672,69.95000000000006,0.721879181903391
